state,top_or_bottom,rank_state,postcode,suburb,individuals,avg_taxable_income,median_taxable_income,rank_australia
ACT,Top,1,2603,"FORREST, GRIFFITH, MANUKA, RED HILL",7828,142502,88305,41
ACT,Top,2,2600,"BARTON, CANBERRA, CAPITAL HILL, DEAKIN, DEAKIN WEST, HARMAN, HMAS HARMAN, PARKES, RUSSELL, YARRALUMLA",6205,130157,89958,55
ACT,Top,3,2605,"CURTIN, GARRAN, HUGHES",8200,114925,80963,102
ACT,Top,4,2604,"CAUSEWAY, KINGSTON, NARRABUNDAH",9332,107988,88009,139
ACT,Top,5,2612,"BRADDON, CAMPBELL, REID, TURNER",14005,94432,77846,247
ACT,Top,6,2607,"FARRER, ISAACS, MAWSON, PEARCE, TORRENS",10012,93449,72512,263
ACT,Top,7,2602,"AINSLIE, DICKSON, DOWNER, HACKETT, LYNEHAM, O'CONNOR, WATSON",23679,90141,74570,303
ACT,Top,8,2911,"CRACE, MITCHELL, KENNY",3099,89952,78428,306
ACT,Top,9,2611,"BIMBERI (NSW), BRINDABELLA (NSW), CHAPMAN, COOLEMAN (NSW), COOMBS, COREE, DENMAN PROSPECT, DUFFY, FISHER, HOLDER, RIVETT, STIRLING, STROMLO, URIARRA (NSW), URIARRA VILLAGE, WARAMANGA, WESTON, WESTON CREEK, WHITLAM, WRIGHT, MOLONGOLO",26207,89597,76952,310
ACT,Top,10,2606,"CHIFLEY, LYONS, O'MALLEY, PHILLIP, WODEN",9035,87739,72304,340
ACT,Bottom,1,2912,GUNGAHLIN,6198,70641,61720,927
ACT,Bottom,2,2601,"ACTON, CANBERRA, CITY",3599,72312,51399,835
ACT,Bottom,3,2900,GREENWAY,3743,73102,67816,795
ACT,Bottom,4,2617,"BELCONNEN, BELCONNEN DC, BRUCE, EVATT, GIRALANG, KALEEN, LAWSON, MCKELLAR, UNIVERSITY OF CANBERRA",26555,74861,64568,701
ACT,Bottom,5,2615,"CHARNWOOD, DUNLOP, FLOREY, FLYNN, FRASER, HIGGINS, HOLT, KIPPAX, LATHAM, MACGREGOR, MACNAMARA, MELBA, SPENCE, STRATHNAIRN",30859,75715,68610,669
ACT,Bottom,6,2905,"BONYTHON, CALWELL, CHISHOLM, GILMORE, ISABELLA PLAINS, RICHARDSON, THEODORE",18573,76214,69852,643
ACT,Bottom,7,2903,"ERINDALE CENTRE, OXLEY, WANNIASSA",6189,78142,68815,579
ACT,Bottom,8,2902,"KAMBAH, KAMBAH VILLAGE",10125,78277,67885,574
ACT,Bottom,9,2913,"CASEY, FRANKLIN, NGUNNAWAL, NICHOLLS, PALMERSTON, TAYLOR",28097,78471,69253,568
ACT,Bottom,10,2906,"BANKS, CONDER, GORDON",11840,78682,72181,551
NSW,Top,1,2027,"DARLING POINT, EDGECLIFF, HMAS RUSHCUTTERS, POINT PIPER",5841,279712,88701,1
NSW,Top,2,2028,DOUBLE BAY,3487,255901,89364,2
NSW,Top,3,2025,WOOLLAHRA,5258,242267,87075,3
NSW,Top,4,2030,"DOVER HEIGHTS, HMAS WATSON, ROSE BAY NORTH, VAUCLUSE, WATSONS BAY",9905,236750,81490,5
NSW,Top,5,2108,"COASTERS RETREAT, CURRAWONG BEACH, GREAT MACKEREL BEACH, PALM BEACH",1304,223344,65512,6
NSW,Top,6,2023,BELLEVUE HILL,7634,216363,83557,8
NSW,Top,7,2110,"HUNTERS HILL, WOOLWICH",6277,208902,80173,10
NSW,Top,8,2063,NORTHBRIDGE,4434,206608,80810,11
NSW,Top,9,2088,"MOSMAN, SPIT JUNCTION",20092,197406,82637,12
NSW,Top,10,2024,"BRONTE, WAVERLEY",7678,171073,83767,15
NSW,Bottom,1,2387,"BULYEROI, ROWENA",149,15174,43043,2621
NSW,Bottom,2,2308,"CALLAGHAN, NEWCASTLE UNIVERSITY",231,22515,17887,2617
NSW,Bottom,3,2052,UNIVERSITY OF NEW SOUTH WALES,175,29974,11992,2614
NSW,Bottom,4,2721,"BLAND, QUANDIALLA",111,32692,35125,2609
NSW,Bottom,5,2876,"BOGAN GATE, GUNNING GAP, GUNNINGBLAND, NELUNGALOO",256,34875,36011,2606
NSW,Bottom,6,2361,"ASHFORD, ATHOLWOOD, BONSHAW, LIMESTONE, PINDAROI",454,35112,31836,2605
NSW,Bottom,7,2386,"BURREN JUNCTION, DRILDOOL, NOWLEY",200,36999,42109,2603
NSW,Bottom,8,2359,"ABERDEEN, BAKERS CREEK, BUNDARRA",390,37027,29887,2602
NSW,Bottom,9,2828,"ARMATREE, BLACK HOLLOW, BOURBAH, GULARGAMBONE, MOUNT TENANDRA, QUANDA, WARRUMBUNGLE",402,38172,40032,2599
NSW,Bottom,10,2371,"CAPOOMPETA, DEEPWATER, EMMAVILLE, ROCKY CREEK, STANNUM, TORRINGTON, WELLINGTON VALE, YELLOW DAM",578,38793,32341,2596
NT,Top,1,0885,ALYANGULA,610,97230,83173,212
NT,Top,2,0820,"BAYVIEW, CHARLES DARWIN, COONAWARRA, DARWIN DC, EAST POINT, EATON, FANNIE BAY, LARRAKEYAH, LUDMILLA, PARAP, STUART PARK, THE GARDENS, THE NARROWS, WINNELLIE, WOOLNER",14075,86550,71138,363
NT,Top,3,0853,TINDAL,535,84040,82181,409
NT,Top,4,0835,HOWARD SPRINGS,2690,82503,71372,444
NT,Top,5,0834,VIRGINIA,892,81086,69379,485
NT,Top,6,0880,"GAPUWIYAK, GOVE, GUNYANGARA, NHULUNBUY, YIRRKALA",1706,80965,63696,488
NT,Top,7,0836,"GIRRAWEEN, HERBERT, HUMPTY DOO",5481,80135,70009,508
NT,Top,8,0838,BERRY SPRINGS,610,78932,69540,538
NT,Top,9,0832,"BAKEWELL, BELLAMACK, GUNN, JOHNSTON, MITCHELL, ROSEBERY, ZUCCOLI",12732,78593,72850,560
NT,Top,10,0810,"ALAWA, CASUARINA, COCONUT GROVE, JINGILI, LEE POINT, LYONS, MILLNER, MOIL, MUIRHEAD, NAKARA, NIGHTCLIFF, RAPID CREEK, TIWI, WAGAMAN, WANGURI",22848,77358,65801,602
NT,Bottom,1,0852,"ARNOLD, BAINES, BARUNGA, BESWICK, BESWICK CREEK, BINJARI, BIRDUM, BRADSHAW, BUCHANAN, BULMAN WEEMOL, CRESWELL, DAGURAGU, DALY WATERS, DELAMERE, EDITH, ELSEY, FLORINA, FLYING FOX, GREGORY, GULUNG MARDRULK, GURINDJI, HELEN SPRINGS STATION, JILKMINGGAN, KALKARINDJI, KATHERINE, LAJAMANU, LARRIMAH, LIMMEN, MANBULLOO, MARANBOY, MATARANKA, MCARTHUR, MINIYERI, NGUKURR, NITMILUK, NUTWOOD DOWNS, PELLEW ISLANDS, PIGEON HOLE, ROBINSON RIVER, STURT PLATEAU, TANAMI EAST, TIMBER CREEK, TOP SPRINGS, URALLA, VENN, VICTORIA RIVER, WARUMUNGU, WILTON, YARRALIN",2215,48340,39421,2433
NT,Bottom,2,0872,"ALI CURUNG, ALICE SPRINGS, AMATA (SA), AMPILATWATJA, ANANGU PITJANTJATJARA YANKUNYTJATJARA (SA), ANATYE, ANMATJERE, AREYONGA, ATITJERE, AYERS RANGE SOUTH (SA), BARROW CREEK, BURT PLAIN, CANTEEN CREEK, CHILLA WELL, COSTELLO, DAVENPORT, DE ROSE HILL (SA), ENGAWALA, ERNABELLA (SA), FINKE, GHAN, GIBSON DESERT NORTH (WA), GIBSON DESERT SOUTH (WA), HAASTS BLUFF, HALE, HART, HERMANNSBURG, HUGH, IMANPA, INDULKANA (SA), ININTI STORE, IRRUNYTJU (WA), IWANTJA (SA), KALKA (SA), KALTJITI (SA), KALTUKATJARA, KANPA (WA), KANPI (SA), KINTORE, KIWIRRKURRA (WA), KULGERA, KUNPARRKA, LAKE MACKAY, LAMBINA (SA), LARAMBA, MACDONNELL RANGE, MANTAMARU (WA), MEREENIE, MIMILI (SA), MOUNT LIEBIG, MOUNT ZEIL, MURPUTJA (SA), MUTITJULU, NAMATJIRA, NAPPERBY STATION, NGAANYATJARRA-GILES (WA), NYAPARI (SA), NYIRRIPI, PAPULANKUTJA (WA), PAPUNYA, PATJARR (WA), PETERMANN, PIPALYATJARA (SA), PUKATJA (SA), SANDOVER, SANTA TERESA, SIMPSON, TANAMI, TARA, TELEGRAPH STATION, TI TREE, TIEYON (SA), TITJIKALA, TJIRRKARLI (WA), TJUKURLA (WA), UMUWA (SA), WALLACE ROCKHOLE, WANARN (WA), WARAKURNA (WA), WATARRU (SA), WATINUMA (SA), WILLOWRA, WILORA, WINGELLINA (WA), WUTUNUGURRA, YUELAMU, YUENDUMU, YULARA, YUNYARINYI (SA)",4079,49478,40173,2386
NT,Bottom,3,0854,BORROLOOLA,428,49972,38674,2371
NT,Bottom,4,0862,"CALVERT, ELLIOTT, NEWCASTLE WATERS, NICHOLSON, PAMAYU, TABLELANDS, TENNANT CREEK",263,50807,49443,2332
NT,Bottom,5,0847,PINE CREEK,166,52146,38183,2248
NT,Bottom,6,0840,"DUNDEE BEACH, DUNDEE DOWNS, DUNDEE FOREST",227,54343,42571,2104
NT,Bottom,7,0822,"ACACIA HILLS, ANGURUGU, ANINDILYAKWA, BATHURST ISLAND, BEES CREEK, BELYUEN, BLACK JUNGLE, BLACKMORE, BURRUNDIE, BYNOE, BYNOE HARBOUR, CAMP CREEK, CHANNEL ISLAND, CHARLES DARWIN, CHARLOTTE, CLARAVALE, COBOURG, COLLETT CREEK, COOMALIE CREEK, COX PENINSULA, DALY, DALY RIVER, DARWIN RIVER DAM, DOUGLAS-DALY, EAST ARM, EAST ARNHEM, ELRUNDIE, EVA VALLEY, FINNISS VALLEY, FLEMING, FLY CREEK, FREDS PASS, GALIWINKU, GLYDE POINT, GOULBURN ISLAND, GUNBALANYA, GUNN POINT, HIDDEN VALLEY, HOTHAM, HUGHES, KAKADU, KOOLPINYAH, LAKE BENNETT, LAMBELLS LAGOON, LITCHFIELD PARK, LIVINGSTONE, LLOYD CREEK, MANDORAH, MANINGRIDA, MAPURU, MARANUNGA, MARGARET RIVER, MARRAKAI, MCMINNS LAGOON, MICKETT CREEK, MIDDLE POINT, MILIKAPITI, MILINGIMBI, MILYAKBURRA, MINJILANG, MOUNT BUNDEY, MURRUMUJUK, NAUIYU, NEMARLUK, NGANMARRIYANGA, NUMBULWAR, NUMBURINDI, OENPELLI, PEPPIMENARTI, PIRLANGIMPI, POINT STUART, PULARUMPI, RAKULA, RAMINGINING, ROBIN FALLS, RUM JUNGLE, SANDPALMS ROADHOUSE, SOUTHPORT, STAPLETON, THAMARRURR, TIPPERARY, TIVENDALE, TIWI ISLANDS, TORTILLA FLATS, TUMBLING WATERS, UMBAKUMBA, VERNON ISLANDS, WADEYE, WAGAIT BEACH, WAK WAK, WARRUWI, WEDDELL, WEST ARNHEM, WICKHAM, WINNELLIE, WISHART, WURRUMIYANGA",7431,55443,41502,2018
NT,Bottom,8,0845,BATCHELOR,290,57229,48191,1864
NT,Bottom,9,0846,ADELAIDE RIVER,225,63693,48060,1386
NT,Bottom,10,0875,"FLYNN, LARAPINTA",947,67525,58984,1126
QLD,Top,1,4496,TALWOOD,174,167592,59777,18
QLD,Top,2,4155,CHANDLER,1095,139946,70950,48
QLD,Top,3,4007,"ASCOT, HAMILTON, HAMILTON CENTRAL",11414,133268,70261,51
QLD,Top,4,4005,"NEW FARM, TENERIFFE",12853,128791,76314,58
QLD,Top,5,4065,BARDON,6668,127312,79617,62
QLD,Top,6,4171,"BALMORAL, BULIMBA, HAWTHORNE",11937,126376,79235,67
QLD,Top,7,4011,"CLAYFIELD, HENDRA",11153,112172,69694,120
QLD,Top,8,4567,"CASTAWAYS BEACH, NOOSA HEADS, SUNRISE BEACH, SUNSHINE BEACH",8621,111551,49856,124
QLD,Top,9,4060,"ASHGROVE, ASHGROVE EAST",9123,109573,72258,132
QLD,Top,10,4069,"BROOKFIELD, CHAPEL HILL, FIG TREE POCKET, KENMORE, KENMORE DC, KENMORE EAST, KENMORE HILLS, PINJARRA HILLS, PULLENVALE, UPPER BROOKFIELD",23556,109331,70287,135
QLD,Bottom,1,4494,"BUNGUNYA, NORTH BUNGUNYA, TARAWERA",99,4047,41122,2622
QLD,Bottom,2,4498,"KIOMA, TOOBEAH",117,15449,49476,2620
QLD,Bottom,3,4423,"GLENMORGAN, TEELBA",134,18615,26833,2619
QLD,Bottom,4,4426,"JACKSON, JACKSON NORTH, JACKSON SOUTH",68,20324,37398,2618
QLD,Bottom,5,4613,"ABBEYWOOD, BOONDOOMA, BRIGOODA, COVERTY, KINLEYMORE, MELROSE, OKEDEN, PROSTON, SPEEDWELL,  STALWORTH",394,31244,31098,2612
QLD,Bottom,6,4612,"HIVESVILLE, KAWL KAWL, KEYSLAND, STONELANDS, WIGTON",161,32516,25015,2610
QLD,Bottom,7,4732,MUTTABURRA,81,34814,34926,2607
QLD,Bottom,8,4375,"COTTONVALE (NSW and QLD), FLEURBAIX",137,36634,28452,2604
QLD,Bottom,9,4488,"NEBINE, BOLLON",136,37398,40918,2601
QLD,Bottom,10,4611,"MARSHLANDS, MONDURE",89,37858,34119,2600
SA,Top,1,5061,"HYDE PARK, MALVERN, UNLEY, UNLEY PARK",6944,118952,66910,89
SA,Top,2,5006,NORTH ADELAIDE,4509,115864,63267,97
SA,Top,3,5725,"OLYMPIC DAM, ROXBY DOWNS, ROXBY DOWNS STATION",2384,113009,103714,115
SA,Top,4,5081,"COLLINSWOOD, GILBERTON, MEDINDIE, MEDINDIE GARDENS, VALE PARK, WALKERVILLE",6680,109987,64065,127
SA,Top,5,5632,"KAPINNIE, KARKOO, MITCHELL, YEELANNA",153,102437,69602,177
SA,Top,6,5062,"BROWN HILL CREEK, CLAPHAM, HAWTHORN, KINGSWOOD, LOWER MITCHAM, LYNTON, MITCHAM, MITCHAM SHOPPING CENTRE, NETHERBY, SPRINGFIELD, TORRENS PARK",10335,99950,62300,192
SA,Top,7,5066,"BEAUMONT, BURNSIDE, ERINDALE, HAZELWOOD PARK, STONYFELL, WATERFALL GULLY, WATTLE PARK",8560,99631,63907,195
SA,Top,8,5152,"CLELAND, CRAFERS, CRAFERS WEST, STIRLING",4265,99413,66630,197
SA,Top,9,5069,"COLLEGE PARK, EVANDALE, HACKNEY, MAYLANDS, ST PETERS, STEPNEY",5618,98622,64104,204
SA,Top,10,5064,"GLEN OSMOND, GLENUNGA, MOUNT OSMOND, MYRTLE BANK, ST GEORGES, URRBRAE",6956,98231,58206,206
SA,Bottom,1,5308,"COPEVILLE, GALGA, MANTUNG, MERCUNDA, PERPONDA",72,27116,23597,2616
SA,Bottom,2,5309,"BORRIKA, HALIDON, MINDARIE, SANDALWOOD",51,30178,28749,2613
SA,Bottom,3,5730,"ALPANA, ANGORIGINA, BELTANA, BELTANA STATION, BLINMAN, EDIACARA, GUM CREEK STATION, MOOLOOLOO, MOORILLAH, MOTPENA, MOUNT FALKLAND, NARRINA, NILPENA, ORATUNGA STATION, PARACHILNA, PUTTAPA, WARRAWEENA, WIRREALPA",57,38863,33083,2594
SA,Bottom,4,5307,"KAROONDA, MARAMA",294,42449,37201,2570
SA,Bottom,5,5381,"BRADY CREEK, BRIGHT, EMU DOWNS, GERANIUM PLAINS, HALLELUJAH HILLS, ROBERTSTOWN, ROCKY PLAIN, WORLDS END",182,43007,30519,2561
SA,Bottom,6,5332,"MOOROOK, MOOROOK SOUTH, WAPPILKA, YINKANIE",223,44539,42843,2541
SA,Bottom,7,5220,PARNDANA,208,45012,44197,2536
SA,Bottom,8,5440,"ABMINGA STATION, BENDA, BILLEROO WEST, BIMBOWRIE, BINDARRAH, BOOLCOOMATTA, BULLOO CREEK, COCKBURN, CURNAMONA, DEVONBOROUGH DOWNS, ERUDINA, FLORINA STATION, FROME DOWNS, GRAMPUS, KALABITY, KALKAROO, KOONAMORE, LAKE FROME, MANNA HILL, MANUNDA STATION, MARTINS WELL, MELTON STATION, MINGARY, MOOLEULOOLOO, MOUNT VICTOR STATION, MULYUNGARIE, MUNDI MUNDI, MUTOOROO, NACKARA, NETLEY GAP, OLARY, OULNINA, OULNINA PARK, OUTALPA. PINE CREEK STATION, PLUMBARGO, PUALCO RANGE, QUINYAMBIE, TEPCO STATION, TIKALINA, WADNAMINGA, WAUKARINGA, WEEKEROO, WIAWERA, WINNININNIE, WOMPINIE, YARRAMBA, YUNTA",120,45234,37530,2529
SA,Bottom,9,5418,"COLLINSVILLE, MOUNT BRYAN",56,45421,36305,2527
SA,Bottom,10,5113,"DAVOREN PARK, DAVOREN PARK SOUTH, EDINBURGH NORTH, ELIZABETH DOWNS, ELIZABETH NORTH, ELIZABETH PARK",8816,45803,43458,2519
TAS,Top,1,7005,"DYNNYRNE, LOWER SANDY BAY, SANDY BAY",9401,86944,53357,354
TAS,Top,2,7258,"BREADALBANE, RELBIA, WHITE HILLS",625,86795,57752,359
TAS,Top,3,7053,"BONNET HILL, TAROONA",2343,79718,58175,518
TAS,Top,4,7007,"MOUNT NELSON, TOLMANS HILL",2196,79397,57709,529
TAS,Top,5,7004,"BATTERY POINT, SOUTH HOBART",5295,78881,57207,541
TAS,Top,6,7170,"ACTON PARK, CAMBRIDGE, MOUNT RUMNEY, ROCHES BEACH, SEVEN MILE BEACH",3832,78294,61682,572
TAS,Top,7,7000,"GLEBE, HOBART, MOUNT STUART, NORTH HOBART, QUEENS DOMAIN, WEST HOBART",10435,74693,56603,707
TAS,Top,8,7024,CREMORNE,358,74193,59127,738
TAS,Top,9,7212,"BEN LOMOND, BLESSINGTON, BURNS CREEK, DEDDINGTON, EVANDALE, NILE, UPPER BLESSINGTON, WESTERN JUNCTION",1094,72923,50919,803
TAS,Top,10,7008,"LENAH VALLEY, NEW TOWN",8533,70682,58012,922
TAS,Bottom,1,7001,HOBART PO BOX,407,34656,2816,2608
TAS,Bottom,2,7187,KOONYA,74,39414,38228,2590
TAS,Bottom,3,7257,CAPE BARREN ISLAND,54,42184,37400,2574
TAS,Bottom,4,7182,"CAPE PILLAR, FORTESCUE, PORT ARTHUR",134,42982,40512,2562
TAS,Bottom,5,7186,"SALTWATER RIVER, SLOPING MAIN",93,43585,36764,2549
TAS,Bottom,6,7180,TARANNA,84,46005,37372,2510
TAS,Bottom,7,7213,"AVOCA, ROSSARDEN, ROYAL GEORGE, STORYS CREEK",163,47067,45939,2481
TAS,Bottom,8,7216,"AKAROA, BINALONG BAY, GOSHEN, GOULDS COUNTRY, LOTTAH, PYENGANA, ST HELENS, STIEGLITZ, THE GARDENS",1923,47233,36920,2473
TAS,Bottom,9,7027,COLEBROOK,174,47766,46498,2457
TAS,Bottom,10,7174,COPPING,112,48166,44578,2443
VIC,Top,1,3142,"HAWKSBURN, TOORAK",9857,241511,79456,4
VIC,Top,2,3944,PORTSEA,641,222254,72315,7
VIC,Top,3,3206,"ALBERT PARK, MIDDLE PARK",6954,168276,80173,17
VIC,Top,4,3929,FLINDERS,780,167480,52768,19
VIC,Top,5,3762,BYLANDS,80,161344,63573,21
VIC,Top,6,3186,"BRIGHTON, BRIGHTON NORTH, DENDY",16895,160486,72357,23
VIC,Top,7,3144,"KOOYONG, MALVERN, MALVERN NORTH",7996,151134,75639,29
VIC,Top,8,3928,MAIN RIDGE,309,146173,56058,33
VIC,Top,9,3002,EAST MELBOURNE,3711,145000,78557,36
VIC,Top,10,3126,"CAMBERWELL EAST, CANTERBURY",5548,141546,64347,44
VIC,Bottom,1,3482,"WATCHEM, WATCHEM WEST, MORTON PLAINS, WARMUR, MASSEY",101,27987,42458,2615
VIC,Bottom,2,3889,"BELLBIRD CREEK, BEMM RIVER, CABBAGE TREE CREEK, CLUB TERRACE, COMBIENBAR, ERRINUNDRA, MANORINA",80,31937,25524,2611
VIC,Bottom,3,3520,"KINYPANIAL, KORONG VALE",60,38286,32450,2598
VIC,Bottom,4,3432,BOLINDA,123,38735,45172,2597
VIC,Bottom,5,3310,"MERINO, TAHARA WEST",150,39454,40158,2589
VIC,Bottom,6,3891,"GENOA, GIPSY POINT, MARAMINGO CREEK, WALLAGARAUGH, WANGARABELL, WINGAN RIVER, WROXHAM",67,40080,37626,2586
VIC,Bottom,7,3323,"BERRYBANK, DUVERNEY, FOXHOW",67,40681,40249,2585
VIC,Bottom,8,3468,"AMPHITHEATRE, MOUNT LONARCH",162,41084,32960,2583
VIC,Bottom,9,3873,GORMANDALE,226,41459,43336,2582
VIC,Bottom,10,3617,BYRNESIDE,97,41498,31933,2581
WA,Top,1,6011,"COTTESLOE, PEPPERMINT GROVE",6919,213621,83598,9
WA,Top,2,6012,MOSMAN PARK,6320,189700,66027,13
WA,Top,3,6015,CITY BEACH,5010,171083,82556,14
WA,Top,4,6009,"BROADWAY NEDLANDS, CRAWLEY, DALKEITH, NEDLANDS, NEDLANDS DC",12510,156422,64943,27
WA,Top,5,6010,"CLAREMONT, CLAREMONT NORTH, KARRAKATTA, MOUNT CLAREMONT, SWANBOURNE",12830,143220,70865,38
WA,Top,6,6029,TRIGG,2128,125877,75459,69
WA,Top,7,6713,"DAMPIER, DAMPIER ARCHIPELAGO",792,119425,100777,86
WA,Top,8,6159,NORTH FREMANTLE,2889,119331,66386,87
WA,Top,9,6716,"FORTESCUE, HAMERSLEY RANGE, MILLSTREAM, PANNAWONICA",377,118889,141527,90
WA,Top,10,6721,"INDEE, MUNDABULLANGANA, PARDOO, PORT HEDLAND, REDBANK, STRELLEY, WALLAREENYA, WEDGEFIELD",2802,117920,100534,93
WA,Bottom,1,6321,CRANBROOK,307,43139,39169,2558
WA,Bottom,2,6262,"BOORARA BROOK, CROWEA, MEERUP, NORTHCLIFFE, SHANNON, WINDY HARBOUR",447,49286,36514,2394
WA,Bottom,3,6420,"CRAMPHORNE, MUNTADGIN",71,49521,61742,2383
WA,Bottom,4,6393,"DURANILLIN, MOODIARRUP",62,50911,53241,2328
WA,Bottom,5,6398,"BROKE, NORTH WALPOLE, WALPOLE",353,51975,35827,2262
WA,Bottom,6,6336,"COWALELLUP, MILLS LAKE, MINDARABIN, NEEDILUP, ONGERUP, TOOMPUP",217,52248,45939,2236
WA,Bottom,7,6042,SEABIRD,50,53199,32436,2182
WA,Bottom,8,6322,TENTERDEN,158,53520,41690,2167
WA,Bottom,9,6290,"AUGUSTA, DEEPDENE, EAST AUGUSTA, KUDARDUP, LEEUWIN, MOLLOY ISLAND",1135,54297,38668,2110
WA,Bottom,10,6765,"FITZROY CROSSING, KUPARTIYA, MOUNT HARDMAN",998,54350,39598,2101
